Rank,Product,Price,Rating,Reviews,URL
1,"","",4.7 out of 5 stars,"56,792",https://www.amazon.com/Flowstate-3-Position-Compatible-Insulated-Stainless/dp/B0DR9PNXX3/ref=zg_bs_c_kitchen_d_sccl_1/133-6767690-1861821?pd_rd_w=fBUt8&content-id=amzn1.sym.7379aab7-0dd8-4729-b0b5-2074f1cb413d&pf_rd_p=7379aab7-0dd8-4729-b0b5-2074f1cb413d&pf_rd_r=7NQH4EVGN7R2C9YXJ8RX&pd_rd_wg=HvC2q&pd_rd_r=41d266be-154b-47fe-ace1-41e1e25cb2e5&pd_rd_i=B0DR9PNXX3&psc=1
2,"","",4.6 out of 5 stars,"58,727",https://www.amazon.com/Owala-FreeSip-Insulated-Stainless-BPA-Free/dp/B0BZYCJK89/ref=zg_bs_c_kitchen_d_sccl_2/133-6767690-1861821?pd_rd_w=fBUt8&content-id=amzn1.sym.7379aab7-0dd8-4729-b0b5-2074f1cb413d&pf_rd_p=7379aab7-0dd8-4729-b0b5-2074f1cb413d&pf_rd_r=7NQH4EVGN7R2C9YXJ8RX&pd_rd_wg=HvC2q&pd_rd_r=41d266be-154b-47fe-ace1-41e1e25cb2e5&pd_rd_i=B0BZYCJK89&psc=1
3,"","",4.4 out of 5 stars,"8,605",https://www.amazon.com/HydroJug-Traveler-Resistant-Bottle-Reusable-Insulated/dp/B0CQVWT2NH/ref=zg_bs_c_kitchen_d_sccl_3/133-6767690-1861821?pd_rd_w=fBUt8&content-id=amzn1.sym.7379aab7-0dd8-4729-b0b5-2074f1cb413d&pf_rd_p=7379aab7-0dd8-4729-b0b5-2074f1cb413d&pf_rd_r=7NQH4EVGN7R2C9YXJ8RX&pd_rd_wg=HvC2q&pd_rd_r=41d266be-154b-47fe-ace1-41e1e25cb2e5&pd_rd_i=B0CQVWT2NH&psc=1
4,"","",4.7 out of 5 stars,"2,479",https://www.amazon.com/Leakproof-Cupholder-Compatible-Insulated-Stainless/dp/B0DCDZP98B/ref=zg_bs_c_kitchen_d_sccl_4/133-6767690-1861821?pd_rd_w=fBUt8&content-id=amzn1.sym.7379aab7-0dd8-4729-b0b5-2074f1cb413d&pf_rd_p=7379aab7-0dd8-4729-b0b5-2074f1cb413d&pf_rd_r=7NQH4EVGN7R2C9YXJ8RX&pd_rd_wg=HvC2q&pd_rd_r=41d266be-154b-47fe-ace1-41e1e25cb2e5&pd_rd_i=B0DCDZP98B&psc=1
5,"","",4.6 out of 5 stars,"162,679",https://www.amazon.com/Etekcity-Multifunction-Stainless-Batteries-Included/dp/B0113UZJE2/ref=zg_bs_c_kitchen_d_sccl_5/133-6767690-1861821?pd_rd_w=fBUt8&content-id=amzn1.sym.7379aab7-0dd8-4729-b0b5-2074f1cb413d&pf_rd_p=7379aab7-0dd8-4729-b0b5-2074f1cb413d&pf_rd_r=7NQH4EVGN7R2C9YXJ8RX&pd_rd_wg=HvC2q&pd_rd_r=41d266be-154b-47fe-ace1-41e1e25cb2e5&pd_rd_i=B0113UZJE2&psc=1
6,"","",4.7 out of 5 stars,"1,311",https://www.amazon.com/Christmas-Gifts-Mom-Women-Wife/dp/B0BGLS7SK1/ref=zg_bs_c_kitchen_d_sccl_6/133-6767690-1861821?pd_rd_w=fBUt8&content-id=amzn1.sym.7379aab7-0dd8-4729-b0b5-2074f1cb413d&pf_rd_p=7379aab7-0dd8-4729-b0b5-2074f1cb413d&pf_rd_r=7NQH4EVGN7R2C9YXJ8RX&pd_rd_wg=HvC2q&pd_rd_r=41d266be-154b-47fe-ace1-41e1e25cb2e5&pd_rd_i=B0BGLS7SK1&psc=1
7,"","",4.6 out of 5 stars,"112,114",https://www.amazon.com/CELSIUS-Fitness-Energy-Standard-Variety/dp/B06X6J5266/ref=zg_bs_c_grocery_d_sccl_1/133-6767690-1861821?pd_rd_w=GelVN&content-id=amzn1.sym.7379aab7-0dd8-4729-b0b5-2074f1cb413d&pf_rd_p=7379aab7-0dd8-4729-b0b5-2074f1cb413d&pf_rd_r=7NQH4EVGN7R2C9YXJ8RX&pd_rd_wg=HvC2q&pd_rd_r=41d266be-154b-47fe-ace1-41e1e25cb2e5&pd_rd_i=B06X6J5266&psc=1
8,"","",4.8 out of 5 stars,"120,403",https://www.amazon.com/Nespresso-Vertuoline-Seller-Assortment-Count/dp/B01N05APQY/ref=zg_bs_c_grocery_d_sccl_2/133-6767690-1861821?pd_rd_w=GelVN&content-id=amzn1.sym.7379aab7-0dd8-4729-b0b5-2074f1cb413d&pf_rd_p=7379aab7-0dd8-4729-b0b5-2074f1cb413d&pf_rd_r=7NQH4EVGN7R2C9YXJ8RX&pd_rd_wg=HvC2q&pd_rd_r=41d266be-154b-47fe-ace1-41e1e25cb2e5&pd_rd_i=B01N05APQY&psc=1
9,"","",4.5 out of 5 stars,"236,274",https://www.amazon.com/Premier-Protein-Shake-Chocolate-11-5/dp/B07MJL8NXR/ref=zg_bs_c_grocery_d_sccl_3/133-6767690-1861821?pd_rd_w=GelVN&content-id=amzn1.sym.7379aab7-0dd8-4729-b0b5-2074f1cb413d&pf_rd_p=7379aab7-0dd8-4729-b0b5-2074f1cb413d&pf_rd_r=7NQH4EVGN7R2C9YXJ8RX&pd_rd_wg=HvC2q&pd_rd_r=41d266be-154b-47fe-ace1-41e1e25cb2e5&pd_rd_i=B07MJL8NXR&psc=1
10,"","",4.6 out of 5 stars,"102,456",https://www.amazon.com/Sparkling-Raspberry-Antioxidants-Vitamins-Bottles/dp/B003P02EGU/ref=zg_bs_c_grocery_d_sccl_4/133-6767690-1861821?pd_rd_w=GelVN&content-id=amzn1.sym.7379aab7-0dd8-4729-b0b5-2074f1cb413d&pf_rd_p=7379aab7-0dd8-4729-b0b5-2074f1cb413d&pf_rd_r=7NQH4EVGN7R2C9YXJ8RX&pd_rd_wg=HvC2q&pd_rd_r=41d266be-154b-47fe-ace1-41e1e25cb2e5&pd_rd_i=B003P02EGU&psc=1
